mpn,quantity,references,assembly,unit_usd,line_usd,economical_purchase_quantity,purchase_unit_usd,purchase_line_usd,spares,url,checked
3557,24,"F1, F2, F3, F4, F5, F6, F7, F8",THT,0.201,4.82,25,0.1796,4.49,1,https://www.digikey.com/en/products/detail/keystone-electronics/3557/2092485,2026-09-19
BTS70041EPPXUMA1,2,"U1, U2",SMD,2.41,4.82,2,2.41,4.82,0,https://www.digikey.com/en/products/detail/infineon-technologies/BTS70041EPPXUMA1/7791523,2026-09-19
RC0603FR-074K7L,24,"R101, R102, R105, R201, R202, R205, R301, R302, R305, R401, R402, R405, R501, R502, R505, R601, R602, R605, R701, R702, R705, R801, R802, R805",SMD,0.025,0.6,25,0.0188,0.47,1,https://www.digikey.com/en/products/detail/yageo/RC0603FR-074K7L/727212,2026-09-19
RC0805FR-0747RL,8,"R103, R203, R303, R403, R503, R603, R703, R803",SMD,0.1,0.8,10,0.034,0.34,2,https://www.digikey.com/en/products/detail/yageo/RC0805FR-0747RL/730919,2026-09-19
RC0603FR-072K2L,2,"R104, R204",SMD,0.1,0.2,2,0.1,0.2,0,https://www.digikey.com/en/products/detail/yageo/RC0603FR-072K2L/727016,2026-09-19
CL10C221JB8NFNC,8,"C103, C203, C303, C403, C503, C603, C703, C803",SMD,0.1,0.8,10,0.042,0.42,2,https://www.digikey.com/en/products/detail/samsung-electro-mechanics/CL10C221JB8NFNC/3890321,2026-09-19
BAT54S-QR,26,"D101, D201, D301, D401, D501, D601, D701, D801, D8, D9, D112, D103, D212, D203, D312, D303, D412, D403, D512, D503, D612, D603, D712, D703, D812, D803",SMD,0.098,2.55,26,0.098,2.55,0,https://www.digikey.com/en/products/detail/nexperia-usa-inc/BAT54S-QR/15196086,2026-09-19
CL21B104KBCNNNC,21,"C101, C201, C301, C401, C501, C601, C701, C801, C15, C16, C19, C20, C21, C113, C213, C313, C413, C513, C613, C713, C813",SMD,0.045,0.95,21,0.045,0.95,0,https://www.digikey.com/en/products/detail/samsung-electro-mechanics/CL21B104KBCNNNC/3886661,2026-09-19
RC0603FR-0747KL,28,"R106, R206, R306, R406, R506, R606, R706, R806, R108, R208, R308, R408, R508, R608, R708, R808, R22, R23, R25, R28, R114, R214, R314, R414, R514, R614, R714, R814",SMD,0.0188,0.53,28,0.0188,0.53,0,https://www.digikey.com/en/products/detail/yageo/RC0603FR-0747KL/727253,2026-09-19
CL21B103KBANNNC,10,"C102, C202, C302, C402, C502, C602, C702, C802, C23, C24",SMD,0.044,0.44,10,0.044,0.44,0,https://www.digikey.com/en/products/detail/samsung-electro-mechanics/CL21B103KBANNNC/3886673,2026-09-19
RC0603FR-0710KL,20,"R107, R207, R307, R407, R507, R607, R707, R807, R5, R6, R21, R24, R115, R215, R315, R415, R515, R615, R715, R815",SMD,0.025,0.5,25,0.0188,0.47,5,https://www.digikey.com/en/products/detail/yageo/RC0603FR-0710KL/726880,2026-09-19
150060GS75000,8,"D102, D202, D302, D402, D502, D602, D702, D802",SMD,0.15,1.2,8,0.15,1.2,0,https://www.digikey.com/en/products/detail/w%C3%BCrth-elektronik/150060GS75000/4489896,2026-09-19
BTS70081EPRXUMA1,5,"U3, U4, U5, U6, U7",SMD,1.85,9.25,5,1.85,9.25,0,https://www.digikey.com/en/products/detail/infineon-technologies/BTS70081EPRXUMA1/25880108,2026-09-19
RC0603FR-073K3L,5,"R304, R404, R504, R604, R704",SMD,0.1,0.5,10,0.025,0.25,5,https://www.digikey.com/en/products/detail/yageo/RC0603FR-073K3L/727126,2026-09-19
BTS70021EPPXUMA1,1,U8,SMD,2.9,2.9,1,2.9,2.9,0,https://www.digikey.com/en/products/detail/infineon-technologies/BTS70021EPPXUMA1/9829548,2026-09-19
RC0603FR-071K2L,1,R804,SMD,0.1,0.1,1,0.1,0.1,0,https://www.digikey.com/en/products/detail/yageo/RC0603FR-071K2L/726852,2026-09-19
ESP32-S3-WROOM-1-N8,1,U10,SMD,5.66,5.66,1,5.66,5.66,0,https://www.digikey.com/en/products/detail/espressif-systems/ESP32-S3-WROOM-1-N8/15200089,2026-09-19
CC0805KKX5R6BB106,1,C9,SMD,0.57,0.57,1,0.57,0.57,0,https://www.digikey.com/en/products/detail/yageo/CC0805KKX5R6BB106/2833625,2026-09-19
CC0603JRX7R9BB104,2,"C10, C3",SMD,0.12,0.24,2,0.12,0.24,0,https://www.digikey.com/en/products/detail/yageo/CC0603JRX7R9BB104/5195681,2026-09-19
CC0603KRX7R7BB105,2,"C11, C14",SMD,0.24,0.48,2,0.24,0.48,0,https://www.digikey.com/en/products/detail/yageo/CC0603KRX7R7BB105/2833752,2026-09-19
PTS645SM43SMTR92 LFS,10,"SW1, SW2, SW3, SW4, SW5, SW6, SW7, SW8, SW9, SW10",SMD,0.313,3.13,10,0.313,3.13,0,https://www.digikey.com/en/products/detail/c-k/PTS645SM43SMTR92-LFS/1146840,2026-09-19
RC0603FR-071KL,1,R9,SMD,0.1,0.1,1,0.1,0.1,0,https://www.digikey.com/en/products/detail/yageo/RC0603FR-071KL/726843,2026-09-19
150060BS75000,1,D5,SMD,0.16,0.16,1,0.16,0.16,0,https://www.digikey.com/en/products/detail/w%C3%BCrth-elektronik/150060BS75000/4489895,2026-09-19
USB4105-GF-A,1,J4,SMD,0.8,0.8,1,0.8,0.8,0,https://www.digikey.com/en/products/detail/gct/USB4105-GF-A/11198510,2026-09-19
SRV05-4HTG-D,1,U11,SMD,1.51,1.51,1,1.51,1.51,0,https://www.digikey.com/en/products/detail/littelfuse-inc/SRV05-4HTG-D/10230852,2026-09-19
ERJ-3EKF5101V,2,"R7, R8",SMD,0.1,0.2,2,0.1,0.2,0,https://www.digikey.com/en/products/detail/panasonic-electronic-components/ERJ-3EKF5101V/1746427,2026-09-19
61300411121,1,J5,THT,0.18,0.18,1,0.18,0.18,0,https://www.digikey.com/en/products/detail/w%C3%BCrth-elektronik/61300411121/4846827,2026-09-19
0466002.NR,1,F9,SMD,1.25,1.25,1,1.25,1.25,0,https://www.digikey.com/en/products/detail/littelfuse-inc/0466002-NR/521355,2026-09-19
B360A-13-F,1,D1,SMD,0.54,0.54,1,0.54,0.54,0,https://www.digikey.com/en/products/detail/diodes-incorporated/B360A-13-F/724980,2026-09-19
SMCJ24CA,1,D3,SMD,0.97,0.97,1,0.97,0.97,0,https://www.digikey.com/en/products/detail/littelfuse-inc/SMCJ24CA/762395,2026-09-19
GRM32ER71H475KA88L,4,"C1, C2, C17, C22",SMD,1.74,6.96,4,1.74,6.96,0,https://www.digikey.com/en/products/detail/murata-electronics/GRM32ER71H475KA88L/586595,2026-09-19
TPSM63603V3RDHR,1,U9,SMD,8.99,8.99,1,8.99,8.99,0,https://www.digikey.com/en/products/detail/texas-instruments/TPSM63603V3RDHR/16585661,2026-09-19
RC0603FR-0716K5L,1,R1,SMD,0.1,0.1,1,0.1,0.1,0,https://www.digikey.com/en/products/detail/yageo/RC0603FR-0716K5L/726969,2026-09-19
GCM32ER70J476KE19L,4,"C7, C8, C12, C13",SMD,1.08,4.32,4,1.08,4.32,0,https://www.digikey.com/en/products/detail/murata-electronics/GCM32ER70J476KE19L/1763982,2026-09-19
691218410002,8,"J1, J6, J7, J8, J9, J10, J11, J12",THT,1.5,12.0,8,1.5,12.0,0,https://www.digikey.com/en/products/detail/w%C3%BCrth-elektronik/691218410002/11478586,2026-09-19
74650195,2,"J2, J3",THT,4.65,9.3,2,4.65,9.3,0,https://www.digikey.com/en/products/detail/w%C3%BCrth-elektronik/74650195/16608622,2026-09-19
ERJ-3EKF22R0V,2,"R10, R11",SMD,0.1,0.2,2,0.1,0.2,0,https://www.digikey.com/en/products/detail/panasonic-industry/ERJ-3EKF22R0V/1746340,2026-09-19
BSC016N06NSATMA1,3,"Q1, Q2, Q5",SMD,3.01,9.03,3,3.01,9.03,0,https://www.digikey.com/en/products/detail/infineon-technologies/BSC016N06NSATMA1/3719792,2026-09-19
LM74800QDRRRQ1,2,"U12, U13",SMD,3,6.0,2,3,6.0,0,https://www.digikey.com/en/products/detail/texas-instruments/lm74800qdrrrq1/13627158,2026-09-19
PSMN1R8-80SSEJ,10,"Q3, Q4, Q11, Q12, Q13, Q14, Q15, Q16, Q17, Q18",SMD,4.598,45.98,10,4.598,45.98,0,https://www.digikey.com/en/products/detail/nexperia-usa-inc/PSMN1R8-80SSEJ/27351652,2026-09-19
TPS2492PWR,9,"U14, U21, U22, U23, U24, U25, U26, U27, U28",SMD,4.45,40.05,10,3.373,33.73,1,https://www.digikey.com/en/products/detail/texas-instruments/TPS2492PWR/2600475,2026-09-19
CSS4J-4026R-L500F,1,R20,SMD,2.32,2.32,1,2.32,2.32,0,https://www.digikey.com/en/products/detail/bourns-inc/CSS4J-4026R-L500F/6023729,2026-09-19
RT0603BRD07115KL,2,"R12, R26",SMD,0.1,0.2,2,0.1,0.2,0,https://www.digikey.com/en/products/detail/yageo/RT0603BRD07115KL/1072207,2026-09-19
RT0603BRD0710KL,3,"R13, R15, R27",SMD,0.1,0.3,3,0.1,0.3,0,https://www.digikey.com/en/products/detail/yageo/RT0603BRD0710KL/1072198,2026-09-19
RT0603BRD0756K2L,1,R14,SMD,0.1,0.1,1,0.1,0.1,0,https://www.digikey.com/en/products/detail/yageo/RT0603BRD0756K2L/1072581,2026-09-19
RC0603FR-0710RL,18,"R16, R19, R116, R117, R216, R217, R316, R317, R416, R417, R516, R517, R616, R617, R716, R717, R816, R817",SMD,0.039,0.7,18,0.039,0.7,0,https://www.digikey.com/en/products/detail/yageo/RC0603FR-0710RL/726879,2026-09-19
RT0603BRD078K25L,1,R17,SMD,0.1,0.1,1,0.1,0.1,0,https://www.digikey.com/en/products/detail/yageo/RT0603BRD078K25L/1072671,2026-09-19
RT0603BRD071KL,9,"R18, R113, R213, R313, R413, R513, R613, R713, R813",SMD,0.11,0.99,10,0.072,0.72,1,https://www.digikey.com/en/products/detail/yageo/RT0603BRD071KL/1072344,2026-09-19
C0805C123J5GACTU,3,"C18, C25, C28",SMD,0.91,2.73,3,0.91,2.73,0,https://www.digikey.com/en/products/detail/kemet/C0805C123J5GACTU/7382128,2026-09-19
SMCJ16A,1,D6,SMD,0.99,0.99,1,0.99,0.99,0,https://www.digikey.com/en/products/detail/littelfuse-inc/SMCJ16A/762384,2026-09-19
STPS41L60CG-TR,9,"D7, D111, D211, D311, D411, D511, D611, D711, D811",SMD,3.41,30.69,10,2.218,22.18,1,https://www.digikey.com/en/products/detail/stmicroelectronics/STPS41L60CG-TR/1865307,2026-09-19
CL21B473KBCNNNC,8,"C104, C204, C304, C404, C504, C604, C704, C804",SMD,0.1,0.8,10,0.041,0.41,2,https://www.digikey.com/en/products/detail/samsung-electro-mechanics/CL21B473KBCNNNC/3886908,2026-09-19
MMBT3906LT1G,1,Q6,SMD,0.15,0.15,1,0.15,0.15,0,https://www.digikey.com/en/products/detail/onsemi/MMBT3906LT1G/919605,2026-09-19
35SVPF120M,24,"C114, C115, C116, C214, C215, C216, C314, C315, C316, C414, C415, C416, C514, C515, C516, C614, C615, C616, C714, C715, C716, C814, C815, C816",SMD,1.852,44.45,24,1.852,44.45,0,https://www.digikey.com/en/products/detail/panasonic-industry/35SVPF120M/4204891,2026-09-19
WSLP25124L000FEA,2,"R120, R220",SMD,1.97,3.94,2,1.97,3.94,0,https://www.digikey.com/en/products/detail/vishay-dale/WSLP25124L000FEA/9758589,2026-09-19
RC0603FR-07100RL,8,"R111, R211, R311, R411, R511, R611, R711, R811",SMD,0.1,0.8,10,0.025,0.25,2,https://www.digikey.com/en/products/detail/yageo/RC0603FR-07100RL/726888,2026-09-19
RT0603BRD074K7L,2,"R112, R212",SMD,0.11,0.22,2,0.11,0.22,0,https://www.digikey.com/en/products/detail/yageo/RT0603BRD074K7L/5139124,2026-09-19
FMMT720TA,8,"Q31, Q32, Q33, Q34, Q35, Q36, Q37, Q38",SMD,0.82,6.56,10,0.508,5.08,2,https://www.digikey.com/en/products/detail/diodes-incorporated/FMMT720TA/152510,2026-09-19
C1206C104J5JACAUTO,16,"C111, C112, C211, C212, C311, C312, C411, C412, C511, C512, C611, C612, C711, C712, C811, C812",SMD,0.7,11.2,16,0.7,11.2,0,https://www.digikey.com/en/products/detail/kemet/C1206C104J5JACAUTO/7419365,2026-09-19
WSLP25128L000FEA,5,"R320, R420, R520, R620, R720",SMD,2,10.0,5,2,10.0,0,https://www.digikey.com/en/products/detail/vishay-dale/WSLP25128L000FEA/9758424,2026-09-19
RG1608P-222-B-T5,5,"R312, R412, R512, R612, R712",SMD,0.11,0.55,5,0.11,0.55,0,https://www.digikey.com/en/products/detail/susumu/RG1608P-222-B-T5/1240901,2026-09-19
WSLP25122L000FEA,1,R820,SMD,2.09,2.09,1,2.09,2.09,0,https://www.digikey.com/en/products/detail/vishay-dale/WSLP25122L000FEA/9758585,2026-09-19
RT0603BRD077K5L,1,R812,SMD,0.1,0.1,1,0.1,0.1,0,https://www.digikey.com/en/products/detail/yageo/RT0603BRD077K5L/5252425,2026-09-19
0287005.PXCN,5,F3-F7 inserts,Hardware,0.36,1.8,5,0.36,1.8,0,https://www.digikey.com/en/products/detail/littelfuse-inc/0287005-PXCN/2519811,2026-09-19
0287010.PXCN,2,F1-F2 inserts,Hardware,0.44,0.88,2,0.44,0.88,0,https://www.digikey.com/en/products/detail/littelfuse-inc/0287010-PXCN/2519807,2026-09-19
0287020.PXCN,1,F8 insert,Hardware,0.44,0.44,1,0.44,0.44,0,https://www.digikey.com/en/products/detail/littelfuse-inc/0287020-PXCN/2519821,2026-09-19
R30-1001002,12,H1-H12 standoffs,Hardware,0.468,5.62,12,0.468,5.62,0,https://www.digikey.com/en/products/detail/harwin-inc/R30-1001002/3728277,2026-09-19
